{"cameraMode":{"drawMode":0,"name":"Shaded","section":"Shading Mode"},"sceneLighting":false,"audioPlay":false,"sceneViewState":{"showFog":true,"showMaterialUpdate":false,"showSkybox":false,"showFlares":true,"showImageEffects":true,"showParticleSystems":true},"in2DMode":false,"pivot":{"x":0.0,"y":0.029623664915561677,"z":3.725290298461914e-9},"rotation":{"x":0.22873006761074067,"y":-0.1173589676618576,"z":0.027788817882537843,"w":0.9659947156906128},"size":0.07480856776237488,"orthographic":false}