{"cameraMode":{"drawMode":0,"name":"Shaded","section":"Shading Mode"},"sceneLighting":false,"audioPlay":false,"sceneViewState":{"showFog":true,"showMaterialUpdate":false,"showSkybox":false,"showFlares":true,"showImageEffects":true,"showParticleSystems":true},"in2DMode":false,"pivot":{"x":0.0,"y":0.8662143349647522,"z":-0.07343140244483948},"rotation":{"x":0.197966068983078,"y":-0.5996896028518677,"z":0.15632399916648866,"w":0.7594371438026428},"size":1.4320436716079713,"orthographic":true}