{"cameraMode":{"drawMode":0,"name":"Shaded","section":"Shading Mode"},"sceneLighting":false,"audioPlay":false,"sceneViewState":{"showFog":true,"showMaterialUpdate":false,"showSkybox":false,"showFlares":true,"showImageEffects":true,"showParticleSystems":true},"in2DMode":false,"pivot":{"x":0.04203873872756958,"y":-0.5902260541915894,"z":-0.18319478631019593},"rotation":{"x":-0.059095147997140887,"y":-0.8065349459648132,"z":0.5825153589248657,"w":-0.0818205326795578},"size":0.3939531445503235,"orthographic":false}