{"cameraMode":{"drawMode":0,"name":"Shaded","section":"Shading Mode"},"sceneLighting":false,"audioPlay":false,"sceneViewState":{"showFog":true,"showMaterialUpdate":false,"showSkybox":false,"showFlares":true,"showImageEffects":true,"showParticleSystems":true},"in2DMode":false,"pivot":{"x":-1.1920928955078126e-7,"y":0.8494696021080017,"z":-0.06445690989494324},"rotation":{"x":-0.28635066747665408,"y":-0.40814125537872317,"z":0.13652805984020234,"w":-0.8560304641723633},"size":1.4202022552490235,"orthographic":false}