{"cameraMode":{"drawMode":0,"name":"Shaded","section":"Shading Mode"},"sceneLighting":false,"audioPlay":false,"sceneViewState":{"showFog":true,"showMaterialUpdate":false,"showSkybox":false,"showFlares":true,"showImageEffects":true,"showParticleSystems":true},"in2DMode":false,"pivot":{"x":9.5367431640625e-7,"y":0.9767165184020996,"z":-0.04755539447069168},"rotation":{"x":0.03488278388977051,"y":-0.5965498089790344,"z":0.025966277346014978,"w":0.8013986945152283},"size":1.5159270763397217,"orthographic":false}