{"cameraMode":{"drawMode":0,"name":"Shaded","section":"Shading Mode"},"sceneLighting":false,"audioPlay":false,"sceneViewState":{"showFog":true,"showMaterialUpdate":false,"showSkybox":false,"showFlares":true,"showImageEffects":true,"showParticleSystems":true},"in2DMode":false,"pivot":{"x":0.0033061206340789797,"y":0.058861374855041507,"z":0.09894376993179321},"rotation":{"x":0.11009853333234787,"y":-0.3617624044418335,"z":0.0430704727768898,"w":0.9247486591339111},"size":0.33099424839019778,"orthographic":false}