{"cameraMode":{"drawMode":0,"name":"Shaded","section":"Shading Mode"},"sceneLighting":false,"audioPlay":false,"sceneViewState":{"showFog":true,"showMaterialUpdate":false,"showSkybox":false,"showFlares":true,"showImageEffects":true,"showParticleSystems":true},"in2DMode":false,"pivot":{"x":0.000621795654296875,"y":0.8635057806968689,"z":0.007008582353591919},"rotation":{"x":0.03488278388977051,"y":-0.5965498089790344,"z":0.025966277346014978,"w":0.8013986945152283},"size":1.4323887825012208,"orthographic":false}