{"cameraMode":{"drawMode":0,"name":"Shaded","section":"Shading Mode"},"sceneLighting":false,"audioPlay":false,"sceneViewState":{"showFog":true,"showMaterialUpdate":false,"showSkybox":false,"showFlares":true,"showImageEffects":true,"showParticleSystems":true},"in2DMode":false,"pivot":{"x":-0.6801184415817261,"y":-0.20506849884986878,"z":0.05895883962512016},"rotation":{"x":0.12091872096061707,"y":-0.667604386806488,"z":0.11116542667150498,"w":0.7261782884597778},"size":0.5120273232460022,"orthographic":false}