{"cameraMode":{"drawMode":0,"name":"Shaded","section":"Shading Mode"},"sceneLighting":false,"audioPlay":false,"sceneViewState":{"showFog":true,"showMaterialUpdate":false,"showSkybox":false,"showFlares":true,"showImageEffects":true,"showParticleSystems":true},"in2DMode":false,"pivot":{"x":0.021085143089294435,"y":-0.013808250427246094,"z":0.09610128402709961},"rotation":{"x":0.24677681922912599,"y":-0.29865166544914248,"z":0.08024843037128449,"w":0.9184101223945618},"size":0.6553760766983032,"orthographic":false}